"filename", "language", "Markdown", "JavaScript", "PowerShell", "MS SQL", "Batch", "TypeScript", "JSON", "comment", "blank", "total"
"c:\Users\HP\Downloads\Kia_Cron_Job\KT_HANDOVER.md", "Markdown", -417, 0, 0, 0, 0, 0, 0, 0, -148, -565
"c:\Users\HP\Downloads\Kia_Cron_Job\PRODUCTION_DEPLOYMENT.md", "Markdown", -215, 0, 0, 0, 0, 0, 0, 0, -92, -307
"c:\Users\HP\Downloads\Kia_Cron_Job\README.md", "Markdown", -138, 0, 0, 0, 0, 0, 0, 0, -55, -193
"c:\Users\HP\Downloads\Kia_Cron_Job\ecosystem.config.cjs", "JavaScript", 0, -135, 0, 0, 0, 0, 0, 0, -1, -136
"c:\Users\HP\Downloads\Kia_Cron_Job\package-lock.json", "JSON", 0, 0, 0, 0, 0, 0, -2248, 0, -1, -2249
"c:\Users\HP\Downloads\Kia_Cron_Job\package.json", "JSON", 0, 0, 0, 0, 0, 0, -44, 0, -2, -46
"c:\Users\HP\Downloads\Kia_Cron_Job\scripts\run-am-platinum-historical-backfill.js", "JavaScript", 0, -299, 0, 0, 0, 0, 0, 0, -35, -334
"c:\Users\HP\Downloads\Kia_Cron_Job\scripts\run-awake.ps1", "PowerShell", 0, 0, -36, 0, 0, 0, 0, 0, -8, -44
"c:\Users\HP\Downloads\Kia_Cron_Job\scripts\run-demo-car-list-once.js", "JavaScript", 0, -12, 0, 0, 0, 0, 0, 0, -2, -14
"c:\Users\HP\Downloads\Kia_Cron_Job\scripts\run-hmil-historical-backfill.js", "JavaScript", 0, -295, 0, 0, 0, 0, 0, 0, -34, -329
"c:\Users\HP\Downloads\Kia_Cron_Job\scripts\run-jk501-historical-once.js", "JavaScript", 0, -187, 0, 0, 0, 0, 0, 0, -22, -209
"c:\Users\HP\Downloads\Kia_Cron_Job\scripts\run-jk501-operation-wise-recovery-once.js", "JavaScript", 0, -169, 0, 0, 0, 0, 0, 0, -18, -187
"c:\Users\HP\Downloads\Kia_Cron_Job\src\accounts\gdms-account-profile.js", "JavaScript", 0, -87, 0, 0, 0, 0, 0, 0, -9, -96
"c:\Users\HP\Downloads\Kia_Cron_Job\src\auth\hmil-login.js", "JavaScript", 0, -261, 0, 0, 0, 0, 0, -1, -39, -301
"c:\Users\HP\Downloads\Kia_Cron_Job\src\auth\login.js", "JavaScript", 0, -144, 0, 0, 0, 0, 0, 0, -29, -173
"c:\Users\HP\Downloads\Kia_Cron_Job\src\config.js", "JavaScript", 0, -239, 0, 0, 0, 0, 0, 0, -9, -248
"c:\Users\HP\Downloads\Kia_Cron_Job\src\cron\am-platinum-scheduler.js", "JavaScript", 0, -6, 0, 0, 0, 0, 0, 0, -4, -10
"c:\Users\HP\Downloads\Kia_Cron_Job\src\cron\gdms-account-scheduler.js", "JavaScript", 0, -254, 0, 0, 0, 0, 0, 0, -34, -288
"c:\Users\HP\Downloads\Kia_Cron_Job\src\cron\hmil-scheduler.js", "JavaScript", 0, -6, 0, 0, 0, 0, 0, 0, -4, -10
"c:\Users\HP\Downloads\Kia_Cron_Job\src\cron\scheduler.js", "JavaScript", 0, -430, 0, 0, 0, 0, 0, 0, -52, -482
"c:\Users\HP\Downloads\Kia_Cron_Job\src\cron\sequential-test.js", "JavaScript", 0, -18, 0, 0, 0, 0, 0, 0, -7, -25
"c:\Users\HP\Downloads\Kia_Cron_Job\src\excel\parse-workbook.js", "JavaScript", 0, -259, 0, 0, 0, 0, 0, 0, -51, -310
"c:\Users\HP\Downloads\Kia_Cron_Job\src\navigation\dealer-change.js", "JavaScript", 0, -221, 0, 0, 0, 0, 0, 0, -40, -261
"c:\Users\HP\Downloads\Kia_Cron_Job\src\navigation\hmil-menu.js", "JavaScript", 0, -306, 0, 0, 0, 0, 0, 0, -50, -356
"c:\Users\HP\Downloads\Kia_Cron_Job\src\navigation\kia-menu.js", "JavaScript", 0, -320, 0, 0, 0, 0, 0, 0, -89, -409
"c:\Users\HP\Downloads\Kia_Cron_Job\src\otp\file.js", "JavaScript", 0, -25, 0, 0, 0, 0, 0, 0, -7, -32
"c:\Users\HP\Downloads\Kia_Cron_Job\src\otp\index.js", "JavaScript", 0, -29, 0, 0, 0, 0, 0, 0, -2, -31
"c:\Users\HP\Downloads\Kia_Cron_Job\src\otp\manual.js", "JavaScript", 0, -21, 0, 0, 0, 0, 0, 0, -6, -27
"c:\Users\HP\Downloads\Kia_Cron_Job\src\otp\ngrok-tunnel.js", "JavaScript", 0, -33, 0, 0, 0, 0, 0, 0, -7, -40
"c:\Users\HP\Downloads\Kia_Cron_Job\src\otp\webhook-client.js", "JavaScript", 0, -41, 0, 0, 0, 0, 0, 0, -8, -49
"c:\Users\HP\Downloads\Kia_Cron_Job\src\otp\webhook-server.js", "JavaScript", 0, -167, 0, 0, 0, 0, 0, 0, -34, -201
"c:\Users\HP\Downloads\Kia_Cron_Job\src\playwright\browser.js", "JavaScript", 0, -141, 0, 0, 0, 0, 0, -1, -28, -170
"c:\Users\HP\Downloads\Kia_Cron_Job\src\playwright\frame-resolver.js", "JavaScript", 0, -32, 0, 0, 0, 0, 0, 0, -8, -40
"c:\Users\HP\Downloads\Kia_Cron_Job\src\playwright\selectors.js", "JavaScript", 0, -50, 0, 0, 0, 0, 0, 0, -1, -51
"c:\Users\HP\Downloads\Kia_Cron_Job\src\reports\adv-wise-lubricants-vas.js", "JavaScript", 0, -140, 0, 0, 0, 0, 0, 0, -22, -162
"c:\Users\HP\Downloads\Kia_Cron_Job\src\reports\demo-car-list.js", "JavaScript", 0, -133, 0, 0, 0, 0, 0, 0, -24, -157
"c:\Users\HP\Downloads\Kia_Cron_Job\src\reports\demo-job-cards.js", "JavaScript", 0, -168, 0, 0, 0, 0, 0, -1, -30, -199
"c:\Users\HP\Downloads\Kia_Cron_Job\src\reports\ew-report.js", "JavaScript", 0, -112, 0, 0, 0, 0, 0, 0, -17, -129
"c:\Users\HP\Downloads\Kia_Cron_Job\src\reports\excel-to-supabase.js", "JavaScript", 0, -33, 0, 0, 0, 0, 0, 0, -5, -38
"c:\Users\HP\Downloads\Kia_Cron_Job\src\reports\grid.js", "JavaScript", 0, -106, 0, 0, 0, 0, 0, 0, -23, -129
"c:\Users\HP\Downloads\Kia_Cron_Job\src\reports\hmil-reports.js", "JavaScript", 0, -279, 0, 0, 0, 0, 0, 0, -14, -293
"c:\Users\HP\Downloads\Kia_Cron_Job\src\reports\hyundai-kia-clone.js", "JavaScript", 0, -380, 0, 0, 0, 0, 0, -1, -53, -434
"c:\Users\HP\Downloads\Kia_Cron_Job\src\reports\hyundai-repair-order-list.js", "JavaScript", 0, -128, 0, 0, 0, 0, 0, -1, -24, -153
"c:\Users\HP\Downloads\Kia_Cron_Job\src\reports\index.js", "JavaScript", 0, -248, 0, 0, 0, 0, 0, 0, -27, -275
"c:\Users\HP\Downloads\Kia_Cron_Job\src\reports\kia-call-center-complaints.js", "JavaScript", 0, -133, 0, 0, 0, 0, 0, 0, -18, -151
"c:\Users\HP\Downloads\Kia_Cron_Job\src\reports\mcp-report.js", "JavaScript", 0, -116, 0, 0, 0, 0, 0, 0, -17, -133
"c:\Users\HP\Downloads\Kia_Cron_Job\src\reports\open-ro-yearly.js", "JavaScript", 0, -151, 0, 0, 0, 0, 0, -1, -25, -177
"c:\Users\HP\Downloads\Kia_Cron_Job\src\reports\operation-wise-analysis-advisor-report.js", "JavaScript", 0, -391, 0, 0, 0, 0, 0, 0, -56, -447
"c:\Users\HP\Downloads\Kia_Cron_Job\src\reports\operation-wise-analysis-report.js", "JavaScript", 0, -335, 0, 0, 0, 0, 0, 0, -49, -384
"c:\Users\HP\Downloads\Kia_Cron_Job\src\reports\paged-export.js", "JavaScript", 0, -260, 0, 0, 0, 0, 0, 0, -49, -309
"c:\Users\HP\Downloads\Kia_Cron_Job\src\reports\psf-yearly.js", "JavaScript", 0, -129, 0, 0, 0, 0, 0, 0, -21, -150
"c:\Users\HP\Downloads\Kia_Cron_Job\src\reports\report-actions.js", "JavaScript", 0, -239, 0, 0, 0, 0, 0, 0, -47, -286
"c:\Users\HP\Downloads\Kia_Cron_Job\src\reports\report-metadata.js", "JavaScript", 0, -41, 0, 0, 0, 0, 0, 0, -8, -49
"c:\Users\HP\Downloads\Kia_Cron_Job\src\reports\ro-billing.js", "JavaScript", 0, -170, 0, 0, 0, 0, 0, -1, -27, -198
"c:\Users\HP\Downloads\Kia_Cron_Job\src\reports\rsa-report.js", "JavaScript", 0, -586, 0, 0, 0, 0, 0, 0, -95, -681
"c:\Users\HP\Downloads\Kia_Cron_Job\src\reports\service-appointment.js", "JavaScript", 0, -384, 0, 0, 0, 0, 0, 0, -55, -439
"c:\Users\HP\Downloads\Kia_Cron_Job\src\supabase\client.js", "JavaScript", 0, -13, 0, 0, 0, 0, 0, 0, -4, -17
"c:\Users\HP\Downloads\Kia_Cron_Job\src\supabase\dedupe-relational-tables.js", "JavaScript", 0, -340, 0, 0, 0, 0, 0, 0, -31, -371
"c:\Users\HP\Downloads\Kia_Cron_Job\src\supabase\materialized-views.js", "JavaScript", 0, -35, 0, 0, 0, 0, 0, 0, -6, -41
"c:\Users\HP\Downloads\Kia_Cron_Job\src\supabase\migrate-json-to-relational.js", "JavaScript", 0, -77, 0, 0, 0, 0, 0, 0, -15, -92
"c:\Users\HP\Downloads\Kia_Cron_Job\src\supabase\postgres.js", "JavaScript", 0, -56, 0, 0, 0, 0, 0, 0, -11, -67
"c:\Users\HP\Downloads\Kia_Cron_Job\src\supabase\relational-store.js", "JavaScript", 0, -641, 0, 0, 0, 0, 0, 0, -56, -697
"c:\Users\HP\Downloads\Kia_Cron_Job\src\supabase\report-store.js", "JavaScript", 0, -242, 0, 0, 0, 0, 0, 0, -38, -280
"c:\Users\HP\Downloads\Kia_Cron_Job\src\telegram\client.js", "JavaScript", 0, -42, 0, 0, 0, 0, 0, 0, -9, -51
"c:\Users\HP\Downloads\Kia_Cron_Job\src\telegram\inspect-updates.js", "JavaScript", 0, -35, 0, 0, 0, 0, 0, 0, -7, -42
"c:\Users\HP\Downloads\Kia_Cron_Job\src\telegram\otp-provider.js", "JavaScript", 0, -82, 0, 0, 0, 0, 0, 0, -19, -101
"c:\Users\HP\Downloads\Kia_Cron_Job\src\telegram\test-otp.js", "JavaScript", 0, -12, 0, 0, 0, 0, 0, 0, -3, -15
"c:\Users\HP\Downloads\Kia_Cron_Job\src\utils\date-range.js", "JavaScript", 0, -120, 0, 0, 0, 0, 0, 0, -21, -141
"c:\Users\HP\Downloads\Kia_Cron_Job\src\utils\execute-with-retry.js", "JavaScript", 0, -82, 0, 0, 0, 0, 0, 0, -9, -91
"c:\Users\HP\Downloads\Kia_Cron_Job\src\utils\failure.js", "JavaScript", 0, -47, 0, 0, 0, 0, 0, 0, -7, -54
"c:\Users\HP\Downloads\Kia_Cron_Job\src\utils\file-lock.js", "JavaScript", 0, -54, 0, 0, 0, 0, 0, 0, -9, -63
"c:\Users\HP\Downloads\Kia_Cron_Job\src\utils\health.js", "JavaScript", 0, -18, 0, 0, 0, 0, 0, 0, -3, -21
"c:\Users\HP\Downloads\Kia_Cron_Job\src\utils\logger.js", "JavaScript", 0, -61, 0, 0, 0, 0, 0, 0, -10, -71
"c:\Users\HP\Downloads\Kia_Cron_Job\src\utils\network.js", "JavaScript", 0, -56, 0, 0, 0, 0, 0, 0, -9, -65
"c:\Users\HP\Downloads\Kia_Cron_Job\src\utils\notifier.js", "JavaScript", 0, -96, 0, 0, 0, 0, 0, 0, -12, -108
"c:\Users\HP\Downloads\Kia_Cron_Job\src\utils\otp.js", "JavaScript", 0, -29, 0, 0, 0, 0, 0, 0, -8, -37
"c:\Users\HP\Downloads\Kia_Cron_Job\src\utils\retry.js", "JavaScript", 0, -22, 0, 0, 0, 0, 0, 0, -5, -27
"c:\Users\HP\Downloads\Kia_Cron_Job\src\utils\runtime-dirs.js", "JavaScript", 0, -13, 0, 0, 0, 0, 0, 0, -2, -15
"c:\Users\HP\Downloads\Kia_Cron_Job\src\utils\sleep.js", "JavaScript", 0, -3, 0, 0, 0, 0, 0, 0, -1, -4
"c:\Users\sahil\Downloads\kia_cron_jobs\.kilo\plans\recover-am-platinum-operation-wise-2021.md", "Markdown", 71, 0, 0, 0, 0, 0, 0, 0, 26, 97
"c:\Users\sahil\Downloads\kia_cron_jobs\AM_PLATINUM_DATABASE_ANALYSIS.md", "Markdown", 151, 0, 0, 0, 0, 0, 0, 0, 49, 200
"c:\Users\sahil\Downloads\kia_cron_jobs\AM_PLATINUM_EXPORT_SESSION_LOG.md", "Markdown", 73, 0, 0, 0, 0, 0, 0, 0, 23, 96
"c:\Users\sahil\Downloads\kia_cron_jobs\AM_PLATINUM_FIX_GUIDE.md", "Markdown", 158, 0, 0, 0, 0, 0, 0, 0, 61, 219
"c:\Users\sahil\Downloads\kia_cron_jobs\AM_PLATINUM_MANUAL_EXPORT_GUIDE.md", "Markdown", 94, 0, 0, 0, 0, 0, 0, 0, 30, 124
"c:\Users\sahil\Downloads\kia_cron_jobs\AUTOMATION_ARCHITECTURE.md", "Markdown", 30, 0, 0, 0, 0, 0, 0, 0, 17, 47
"c:\Users\sahil\Downloads\kia_cron_jobs\HISTORICAL_BACKFILL_PROGRESS.md", "Markdown", 94, 0, 0, 0, 0, 0, 0, 0, 39, 133
"c:\Users\sahil\Downloads\kia_cron_jobs\KT_HANDOVER.md", "Markdown", 417, 0, 0, 0, 0, 0, 0, 0, 148, 565
"c:\Users\sahil\Downloads\kia_cron_jobs\PLATINUM_REPORT_ROUTES.md", "Markdown", 74, 0, 0, 0, 0, 0, 0, 0, 22, 96
"c:\Users\sahil\Downloads\kia_cron_jobs\PRODUCTION_DEPLOYMENT.md", "Markdown", 215, 0, 0, 0, 0, 0, 0, 0, 92, 307
"c:\Users\sahil\Downloads\kia_cron_jobs\README.md", "Markdown", 173, 0, 0, 0, 0, 0, 0, 0, 71, 244
"c:\Users\sahil\Downloads\kia_cron_jobs\apps\hmil\config\service.js", "JavaScript", 0, 8, 0, 0, 0, 0, 0, 0, 2, 10
"c:\Users\sahil\Downloads\kia_cron_jobs\apps\hmil\legacy\README.md", "Markdown", 3, 0, 0, 0, 0, 0, 0, 0, 2, 5
"c:\Users\sahil\Downloads\kia_cron_jobs\apps\hmil\regular\index.js", "JavaScript", 0, 1, 0, 0, 0, 0, 0, 0, 1, 2
"c:\Users\sahil\Downloads\kia_cron_jobs\apps\hmil\runner\pipeline.js", "JavaScript", 0, 53, 0, 0, 0, 0, 0, 0, 5, 58
"c:\Users\sahil\Downloads\kia_cron_jobs\apps\hmil\runner\worker.js", "JavaScript", 0, 10, 0, 0, 0, 0, 0, 0, 2, 12
"c:\Users\sahil\Downloads\kia_cron_jobs\apps\hmil\warranty\index.js", "JavaScript", 0, 4, 0, 0, 0, 0, 0, 0, 1, 5
"c:\Users\sahil\Downloads\kia_cron_jobs\apps\kia\config\service.js", "JavaScript", 0, 8, 0, 0, 0, 0, 0, 0, 2, 10
"c:\Users\sahil\Downloads\kia_cron_jobs\apps\kia\legacy\README.md", "Markdown", 3, 0, 0, 0, 0, 0, 0, 0, 2, 5
"c:\Users\sahil\Downloads\kia_cron_jobs\apps\kia\navigation\index.js", "JavaScript", 0, 1, 0, 0, 0, 0, 0, 0, 1, 2
"c:\Users\sahil\Downloads\kia_cron_jobs\apps\kia\reports\index.js", "JavaScript", 0, 4, 0, 0, 0, 0, 0, 2, 1, 7
"c:\Users\sahil\Downloads\kia_cron_jobs\apps\kia\runner\pipeline.js", "JavaScript", 0, 20, 0, 0, 0, 0, 0, 0, 2, 22
"c:\Users\sahil\Downloads\kia_cron_jobs\apps\kia\runner\worker.js", "JavaScript", 0, 10, 0, 0, 0, 0, 0, 0, 2, 12
"c:\Users\sahil\Downloads\kia_cron_jobs\apps\platinum\config\service.js", "JavaScript", 0, 8, 0, 0, 0, 0, 0, 0, 2, 10
"c:\Users\sahil\Downloads\kia_cron_jobs\apps\platinum\legacy\README.md", "Markdown", 3, 0, 0, 0, 0, 0, 0, 0, 2, 5
"c:\Users\sahil\Downloads\kia_cron_jobs\apps\platinum\navigation\index.js", "JavaScript", 0, 1, 0, 0, 0, 0, 0, 0, 1, 2
"c:\Users\sahil\Downloads\kia_cron_jobs\apps\platinum\reports\index.js", "JavaScript", 0, 1, 0, 0, 0, 0, 0, 0, 1, 2
"c:\Users\sahil\Downloads\kia_cron_jobs\apps\platinum\runner\pipeline.js", "JavaScript", 0, 19, 0, 0, 0, 0, 0, 0, 2, 21
"c:\Users\sahil\Downloads\kia_cron_jobs\apps\platinum\runner\worker.js", "JavaScript", 0, 10, 0, 0, 0, 0, 0, 0, 2, 12
"c:\Users\sahil\Downloads\kia_cron_jobs\clean-memory.ps1", "PowerShell", 0, 0, 49, 0, 0, 0, 0, 3, 7, 59
"c:\Users\sahil\Downloads\kia_cron_jobs\ecosystem.config.cjs", "JavaScript", 0, 277, 0, 0, 0, 0, 0, 7, 1, 285
"c:\Users\sahil\Downloads\kia_cron_jobs\package-lock.json", "JSON", 0, 0, 0, 0, 0, 0, 2248, 0, 1, 2249
"c:\Users\sahil\Downloads\kia_cron_jobs\package.json", "JSON", 0, 0, 0, 0, 0, 0, 91, 0, 2, 93
"c:\Users\sahil\Downloads\kia_cron_jobs\packages\automation-core\config\service-config.js", "JavaScript", 0, 58, 0, 0, 0, 0, 0, 0, 6, 64
"c:\Users\sahil\Downloads\kia_cron_jobs\packages\automation-core\health\read-health.js", "JavaScript", 0, 12, 0, 0, 0, 0, 0, 0, 3, 15
"c:\Users\sahil\Downloads\kia_cron_jobs\packages\automation-core\queue\postgres-job-queue.js", "JavaScript", 0, 107, 0, 0, 0, 0, 0, 0, 10, 117
"c:\Users\sahil\Downloads\kia_cron_jobs\packages\automation-core\worker\local-ledger.js", "JavaScript", 0, 38, 0, 0, 0, 0, 0, 0, 6, 44
"c:\Users\sahil\Downloads\kia_cron_jobs\packages\automation-core\worker\service-worker.js", "JavaScript", 0, 299, 0, 0, 0, 0, 0, 0, 17, 316
"c:\Users\sahil\Downloads\kia_cron_jobs\packages\automation-core\worker\worker-cli.js", "JavaScript", 0, 33, 0, 0, 0, 0, 0, 0, 4, 37
"c:\Users\sahil\Downloads\kia_cron_jobs\restart-db.ps1", "PowerShell", 0, 0, 78, 0, 0, 0, 0, 8, 13, 99
"c:\Users\sahil\Downloads\kia_cron_jobs\run-hmil-custom-recovery.ps1", "PowerShell", 0, 0, 23, 0, 0, 0, 0, 0, 5, 28
"c:\Users\sahil\Downloads\kia_cron_jobs\scratch\capture_all_reports.js", "JavaScript", 0, 101, 0, 0, 0, 0, 0, 3, 11, 115
"c:\Users\sahil\Downloads\kia_cron_jobs\scratch\capture_api_payloads.js", "JavaScript", 0, 68, 0, 0, 0, 0, 0, 2, 14, 84
"c:\Users\sahil\Downloads\kia_cron_jobs\scratch\captured_requests.json", "JSON", 0, 0, 0, 0, 0, 0, 284, 0, 0, 284
"c:\Users\sahil\Downloads\kia_cron_jobs\scratch\check_hyundai_tables_schema.js", "JavaScript", 0, 27, 0, 0, 0, 0, 0, 2, 5, 34
"c:\Users\sahil\Downloads\kia_cron_jobs\scratch\check_import.js", "JavaScript", 0, 2, 0, 0, 0, 0, 0, 0, 1, 3
"c:\Users\sahil\Downloads\kia_cron_jobs\scratch\check_op_wise_n6828.js", "JavaScript", 0, 22, 0, 0, 0, 0, 0, 0, 3, 25
"c:\Users\sahil\Downloads\kia_cron_jobs\scratch\clear_operation_wise_table.js", "JavaScript", 0, 12, 0, 0, 0, 0, 0, 0, 2, 14
"c:\Users\sahil\Downloads\kia_cron_jobs\scratch\migrate_hyundai_op_wise_natural_key.js", "JavaScript", 0, 29, 0, 0, 0, 0, 0, 0, 8, 37
"c:\Users\sahil\Downloads\kia_cron_jobs\scratch\migrate_to_natural_key.js", "JavaScript", 0, 29, 0, 0, 0, 0, 0, 0, 8, 37
"c:\Users\sahil\Downloads\kia_cron_jobs\scripts\analyze-am-platinum-historical-coverage-v2.js", "JavaScript", 0, 272, 0, 0, 0, 0, 0, 0, 35, 307
"c:\Users\sahil\Downloads\kia_cron_jobs\scripts\analyze-am-platinum-historical-coverage.js", "JavaScript", 0, 286, 0, 0, 0, 0, 0, 0, 38, 324
"c:\Users\sahil\Downloads\kia_cron_jobs\scripts\analyze-am-platinum-per-dealer-coverage.js", "JavaScript", 0, 457, 0, 0, 0, 0, 0, 1, 57, 515
"c:\Users\sahil\Downloads\kia_cron_jobs\scripts\analyze-warranty-coverage-by-login.js", "JavaScript", 0, 174, 0, 0, 0, 0, 0, 0, 28, 202
"c:\Users\sahil\Downloads\kia_cron_jobs\scripts\analyze-warranty-coverage.js", "JavaScript", 0, 236, 0, 0, 0, 0, 0, 0, 35, 271
"c:\Users\sahil\Downloads\kia_cron_jobs\scripts\audit-am-platinum-duplicates.js", "JavaScript", 0, 301, 0, 0, 0, 0, 0, 0, 38, 339
"c:\Users\sahil\Downloads\kia_cron_jobs\scripts\backfill-am-platinum-operation-wise-all-comparable.js", "JavaScript", 0, 247, 0, 0, 0, 0, 0, 0, 42, 289
"c:\Users\sahil\Downloads\kia_cron_jobs\scripts\backfill-am-platinum-operation-wise-ly-slice.js", "JavaScript", 0, 194, 0, 0, 0, 0, 0, 0, 33, 227
"c:\Users\sahil\Downloads\kia_cron_jobs\scripts\check-am-platinum-all-tables.js", "JavaScript", 0, 134, 0, 0, 0, 0, 0, 0, 17, 151
"c:\Users\sahil\Downloads\kia_cron_jobs\scripts\check-am-platinum-data.js", "JavaScript", 0, 69, 0, 0, 0, 0, 0, 0, 9, 78
"c:\Users\sahil\Downloads\kia_cron_jobs\scripts\check-am-platinum-duplicates.js", "JavaScript", 0, 46, 0, 0, 0, 0, 0, 0, 9, 55
"c:\Users\sahil\Downloads\kia_cron_jobs\scripts\check-am-platinum-operation-wise.js", "JavaScript", 0, 72, 0, 0, 0, 0, 0, 2, 12, 86
"c:\Users\sahil\Downloads\kia_cron_jobs\scripts\check-hmil-warranty-dealer-coverage.js", "JavaScript", 0, 95, 0, 0, 0, 0, 0, 0, 16, 111
"c:\Users\sahil\Downloads\kia_cron_jobs\scripts\check-mis5216-warranty-data.js", "JavaScript", 0, 44, 0, 0, 0, 0, 0, 0, 1, 45
"c:\Users\sahil\Downloads\kia_cron_jobs\scripts\check-n6250-post-march-2024.js", "JavaScript", 0, 87, 0, 0, 0, 0, 0, 0, 10, 97
"c:\Users\sahil\Downloads\kia_cron_jobs\scripts\check-operation-wise-dealer-coverage.js", "JavaScript", 0, 191, 0, 0, 0, 0, 0, 0, 26, 217
"c:\Users\sahil\Downloads\kia_cron_jobs\scripts\check-warranty-status.js", "JavaScript", 0, 114, 0, 0, 0, 0, 0, 0, 15, 129
"c:\Users\sahil\Downloads\kia_cron_jobs\scripts\clean-memory.js", "JavaScript", 0, 22, 0, 0, 0, 0, 0, 0, 5, 27
"c:\Users\sahil\Downloads\kia_cron_jobs\scripts\clear-am-platinum-session-cache.js", "JavaScript", 0, 27, 0, 0, 0, 0, 0, 0, 6, 33
"c:\Users\sahil\Downloads\kia_cron_jobs\scripts\deep-analysis-platinum-data.js", "JavaScript", 0, 206, 0, 0, 0, 0, 0, 5, 47, 258
"c:\Users\sahil\Downloads\kia_cron_jobs\scripts\ensure-warranty-table-indexes.js", "JavaScript", 0, 21, 0, 0, 0, 0, 0, 0, 3, 24
"c:\Users\sahil\Downloads\kia_cron_jobs\scripts\extract_may_2026_platinum.js", "JavaScript", 0, 261, 0, 0, 0, 0, 0, 24, 41, 326
"c:\Users\sahil\Downloads\kia_cron_jobs\scripts\fix-adv-wise-id-column.js", "JavaScript", 0, 53, 0, 0, 0, 0, 0, 0, 9, 62
"c:\Users\sahil\Downloads\kia_cron_jobs\scripts\fix-adv-wise-sac-hsn-column.js", "JavaScript", 0, 37, 0, 0, 0, 0, 0, 0, 7, 44
"c:\Users\sahil\Downloads\kia_cron_jobs\scripts\gdms-historical-runner.js", "JavaScript", 0, 460, 0, 0, 0, 0, 0, 0, 46, 506
"c:\Users\sahil\Downloads\kia_cron_jobs\scripts\hmil-report-first-historical-runner.js", "JavaScript", 0, 1061, 0, 0, 0, 0, 0, 1, 103, 1165
"c:\Users\sahil\Downloads\kia_cron_jobs\scripts\import-am-platinum-n5211-ro-billing.js", "JavaScript", 0, 282, 0, 0, 0, 0, 0, 0, 26, 308
"c:\Users\sahil\Downloads\kia_cron_jobs\scripts\import-am-platinum-n6250-excel.js", "JavaScript", 0, 395, 0, 0, 0, 0, 0, 0, 38, 433
"c:\Users\sahil\Downloads\kia_cron_jobs\scripts\inspect-am-platinum-schema.js", "JavaScript", 0, 36, 0, 0, 0, 0, 0, 0, 5, 41
"c:\Users\sahil\Downloads\kia_cron_jobs\scripts\inspect-warranty-db-dates.js", "JavaScript", 0, 38, 0, 0, 0, 0, 0, 0, 6, 44
"c:\Users\sahil\Downloads\kia_cron_jobs\scripts\inspect-warranty-dealer-columns.js", "JavaScript", 0, 34, 0, 0, 0, 0, 0, 0, 5, 39
"c:\Users\sahil\Downloads\kia_cron_jobs\scripts\launch-am-platinum-parallel-historical.js", "JavaScript", 0, 189, 0, 0, 0, 0, 0, 1, 31, 221
"c:\Users\sahil\Downloads\kia_cron_jobs\scripts\migrate-am-platinum-rajouri-dealer-code.js", "JavaScript", 0, 114, 0, 0, 0, 0, 0, 0, 22, 136
"c:\Users\sahil\Downloads\kia_cron_jobs\scripts\recover-am-platinum-operation-wise.js", "JavaScript", 0, 716, 0, 0, 0, 0, 0, 6, 104, 826
"c:\Users\sahil\Downloads\kia_cron_jobs\scripts\recover-hmil-historical-custom.js", "JavaScript", 0, 70, 0, 0, 0, 0, 0, 3, 10, 83
"c:\Users\sahil\Downloads\kia_cron_jobs\scripts\refresh-am-platinum-portal-acceptance.js", "JavaScript", 0, 3, 0, 0, 0, 0, 0, 0, 2, 5
"c:\Users\sahil\Downloads\kia_cron_jobs\scripts\restart-db.js", "JavaScript", 0, 21, 0, 0, 0, 0, 0, 0, 3, 24
"c:\Users\sahil\Downloads\kia_cron_jobs\scripts\run-all-warranty-full.js", "JavaScript", 0, 153, 0, 0, 0, 0, 0, 0, 26, 179
"c:\Users\sahil\Downloads\kia_cron_jobs\scripts\run-all-warranty-full.ps1", "PowerShell", 0, 0, 44, 0, 0, 0, 0, 0, 8, 52
"c:\Users\sahil\Downloads\kia_cron_jobs\scripts\run-all-warranty-resume.ps1", "PowerShell", 0, 0, 40, 0, 0, 0, 0, 0, 7, 47
"c:\Users\sahil\Downloads\kia_cron_jobs\scripts\run-am-platinum-adv-callcenter-manual.ps1", "PowerShell", 0, 0, 53, 0, 0, 0, 0, 3, 12, 68
"c:\Users\sahil\Downloads\kia_cron_jobs\scripts\run-am-platinum-complete-backfill.js", "JavaScript", 0, 243, 0, 0, 0, 0, 0, 0, 17, 260
"c:\Users\sahil\Downloads\kia_cron_jobs\scripts\run-am-platinum-complete-backfill.ps1", "PowerShell", 0, 0, 37, 0, 0, 0, 0, 0, 6, 43
"c:\Users\sahil\Downloads\kia_cron_jobs\scripts\run-am-platinum-fix-all-visible.ps1", "PowerShell", 0, 0, 36, 0, 0, 0, 0, 0, 6, 42
"c:\Users\sahil\Downloads\kia_cron_jobs\scripts\run-am-platinum-historical-all-visible.ps1", "PowerShell", 0, 0, 36, 0, 0, 0, 0, 0, 6, 42
"c:\Users\sahil\Downloads\kia_cron_jobs\scripts\run-am-platinum-historical-backfill.js", "JavaScript", 0, 17, 0, 0, 0, 0, 0, 0, 5, 22
"c:\Users\sahil\Downloads\kia_cron_jobs\scripts\run-am-platinum-historical-pipeline.js", "JavaScript", 0, 254, 0, 0, 0, 0, 0, 1, 41, 296
"c:\Users\sahil\Downloads\kia_cron_jobs\scripts\run-am-platinum-manual-export.js", "JavaScript", 0, 229, 0, 0, 0, 0, 0, 18, 43, 290
"c:\Users\sahil\Downloads\kia_cron_jobs\scripts\run-am-platinum-may-2026-local.js", "JavaScript", 0, 130, 0, 0, 0, 0, 0, 0, 18, 148
"c:\Users\sahil\Downloads\kia_cron_jobs\scripts\run-am-platinum-monthly-visible.ps1", "PowerShell", 0, 0, 21, 0, 0, 0, 0, 0, 6, 27
"c:\Users\sahil\Downloads\kia_cron_jobs\scripts\run-am-platinum-n6250-sequential.ps1", "PowerShell", 0, 0, 126, 0, 0, 0, 0, 0, 20, 146
"c:\Users\sahil\Downloads\kia_cron_jobs\scripts\run-am-platinum-op-wise-fix-all.ps1", "PowerShell", 0, 0, 68, 0, 0, 0, 0, 0, 13, 81
"c:\Users\sahil\Downloads\kia_cron_jobs\scripts\run-am-platinum-op-wise-slice-all.ps1", "PowerShell", 0, 0, 71, 0, 0, 0, 0, 0, 13, 84
"c:\Users\sahil\Downloads\kia_cron_jobs\scripts\run-am-platinum-operation-wise-visible.ps1", "PowerShell", 0, 0, 57, 0, 0, 0, 0, 0, 9, 66
"c:\Users\sahil\Downloads\kia_cron_jobs\scripts\run-am-platinum-optimized-backfill.js", "JavaScript", 0, 427, 0, 0, 0, 0, 0, 0, 45, 472
"c:\Users\sahil\Downloads\kia_cron_jobs\scripts\run-am-platinum-parallel-backfill.js", "JavaScript", 0, 269, 0, 0, 0, 0, 0, 0, 37, 306
"c:\Users\sahil\Downloads\kia_cron_jobs\scripts\run-am-platinum-priority-gapfill.ps1", "PowerShell", 0, 0, 300, 0, 0, 0, 0, 0, 46, 346
"c:\Users\sahil\Downloads\kia_cron_jobs\scripts\run-am-platinum-remaining-reports-2025.js", "JavaScript", 0, 163, 0, 0, 0, 0, 0, 0, 16, 179
"c:\Users\sahil\Downloads\kia_cron_jobs\scripts\run-am-platinum-remaining-reports-2025.ps1", "PowerShell", 0, 0, 50, 0, 0, 0, 0, 0, 8, 58
"c:\Users\sahil\Downloads\kia_cron_jobs\scripts\run-am-platinum-repair-billing-visible.ps1", "PowerShell", 0, 0, 36, 0, 0, 0, 0, 0, 6, 42
"c:\Users\sahil\Downloads\kia_cron_jobs\scripts\run-am-platinum-single-report.js", "JavaScript", 0, 272, 0, 0, 0, 0, 0, 0, 34, 306
"c:\Users\sahil\Downloads\kia_cron_jobs\scripts\run-awake.ps1", "PowerShell", 0, 0, 36, 0, 0, 0, 0, 0, 8, 44
"c:\Users\sahil\Downloads\kia_cron_jobs\scripts\run-claim-ytp-manual.js", "JavaScript", 0, 183, 0, 0, 0, 0, 0, 0, 32, 215
"c:\Users\sahil\Downloads\kia_cron_jobs\scripts\run-claim-ytp.bat", "Batch", 0, 0, 0, 0, 8, 0, 0, 0, 1, 9
"c:\Users\sahil\Downloads\kia_cron_jobs\scripts\run-demo-car-list-once.js", "JavaScript", 0, 12, 0, 0, 0, 0, 0, 0, 2, 14
"c:\Users\sahil\Downloads\kia_cron_jobs\scripts\run-hmil-historical-backfill.js", "JavaScript", 0, 2, 0, 0, 0, 0, 0, 0, 2, 4
"c:\Users\sahil\Downloads\kia_cron_jobs\scripts\run-hmil-warranty-dealer-backfill.js", "JavaScript", 0, 25, 0, 0, 0, 0, 0, 0, 6, 31
"c:\Users\sahil\Downloads\kia_cron_jobs\scripts\run-hmil-warranty-dealer-backfill.ps1", "PowerShell", 0, 0, 25, 0, 0, 0, 0, 0, 6, 31
"c:\Users\sahil\Downloads\kia_cron_jobs\scripts\run-hmil-warranty-historical.ps1", "PowerShell", 0, 0, 14, 0, 0, 0, 0, 0, 4, 18
"c:\Users\sahil\Downloads\kia_cron_jobs\scripts\run-hmil-warranty-mis5216-once.js", "JavaScript", 0, 54, 0, 0, 0, 0, 0, 0, 13, 67
"c:\Users\sahil\Downloads\kia_cron_jobs\scripts\run-hmil-warranty-sahiltech-ytp.js", "JavaScript", 0, 2, 0, 0, 0, 0, 0, 1, 2, 5
"c:\Users\sahil\Downloads\kia_cron_jobs\scripts\run-hmil-warranty-sahiltech-ytp.ps1", "PowerShell", 0, 0, 17, 0, 0, 0, 0, 0, 4, 21
"c:\Users\sahil\Downloads\kia_cron_jobs\scripts\run-hmil-warranty-secondary-all.js", "JavaScript", 0, 100, 0, 0, 0, 0, 0, 0, 15, 115
"c:\Users\sahil\Downloads\kia_cron_jobs\scripts\run-hmil-warranty-secondary-all.ps1", "PowerShell", 0, 0, 56, 0, 0, 0, 0, 0, 10, 66
"c:\Users\sahil\Downloads\kia_cron_jobs\scripts\run-jk501-historical-once.js", "JavaScript", 0, 187, 0, 0, 0, 0, 0, 0, 22, 209
"c:\Users\sahil\Downloads\kia_cron_jobs\scripts\run-jk501-operation-wise-recovery-once.js", "JavaScript", 0, 169, 0, 0, 0, 0, 0, 0, 18, 187
"c:\Users\sahil\Downloads\kia_cron_jobs\scripts\run-ro-billing-manual.ps1", "PowerShell", 0, 0, 15, 0, 0, 0, 0, 3, 5, 23
"c:\Users\sahil\Downloads\kia_cron_jobs\scripts\run-warranty-gap-backfill.js", "JavaScript", 0, 74, 0, 0, 0, 0, 0, 0, 16, 90
"c:\Users\sahil\Downloads\kia_cron_jobs\scripts\run-ytp-manual-otp.ps1", "PowerShell", 0, 0, 15, 0, 0, 0, 0, 0, 3, 18
"c:\Users\sahil\Downloads\kia_cron_jobs\scripts\run-ytp.bat", "Batch", 0, 0, 0, 0, 2, 0, 0, 0, 0, 2
"c:\Users\sahil\Downloads\kia_cron_jobs\scripts\validate-am-platinum-operation-wise-upload.js", "JavaScript", 0, 261, 0, 0, 0, 0, 0, 0, 38, 299
"c:\Users\sahil\Downloads\kia_cron_jobs\scripts\verify-all-platinum-historical-data.js", "JavaScript", 0, 171, 0, 0, 0, 0, 0, 8, 34, 213
"c:\Users\sahil\Downloads\kia_cron_jobs\src\accounts\am-platinum-accounts.js", "JavaScript", 0, 183, 0, 0, 0, 0, 0, 2, 44, 229
"c:\Users\sahil\Downloads\kia_cron_jobs\src\accounts\gdms-account-profile.js", "JavaScript", 0, 128, 0, 0, 0, 0, 0, 0, 11, 139
"c:\Users\sahil\Downloads\kia_cron_jobs\src\accounts\hmil-warranty-accounts.js", "JavaScript", 0, 76, 0, 0, 0, 0, 0, 0, 5, 81
"c:\Users\sahil\Downloads\kia_cron_jobs\src\am-platinum\comparable-period.js", "JavaScript", 0, 250, 0, 0, 0, 0, 0, 0, 40, 290
"c:\Users\sahil\Downloads\kia_cron_jobs\src\am-platinum\historical-date-policy.js", "JavaScript", 0, 16, 0, 0, 0, 0, 0, 0, 4, 20
"c:\Users\sahil\Downloads\kia_cron_jobs\src\am-platinum\portal-empty-acceptance.js", "JavaScript", 0, 359, 0, 0, 0, 0, 0, 0, 63, 422
"c:\Users\sahil\Downloads\kia_cron_jobs\src\auth\hmil-login.js", "JavaScript", 0, 394, 0, 0, 0, 0, 0, 1, 68, 463
"c:\Users\sahil\Downloads\kia_cron_jobs\src\auth\login.js", "JavaScript", 0, 146, 0, 0, 0, 0, 0, 0, 29, 175
"c:\Users\sahil\Downloads\kia_cron_jobs\src\config.js", "JavaScript", 0, 290, 0, 0, 0, 0, 0, 0, 9, 299
"c:\Users\sahil\Downloads\kia_cron_jobs\src\cron\am-platinum-scheduler.js", "JavaScript", 0, 6, 0, 0, 0, 0, 0, 0, 4, 10
"c:\Users\sahil\Downloads\kia_cron_jobs\src\cron\gdms-account-scheduler.js", "JavaScript", 0, 271, 0, 0, 0, 0, 0, 0, 35, 306
"c:\Users\sahil\Downloads\kia_cron_jobs\src\cron\hmil-scheduler.js", "JavaScript", 0, 6, 0, 0, 0, 0, 0, 0, 4, 10
"c:\Users\sahil\Downloads\kia_cron_jobs\src\cron\hmil-warranty-scheduler.js", "JavaScript", 0, 357, 0, 0, 0, 0, 0, 0, 40, 397
"c:\Users\sahil\Downloads\kia_cron_jobs\src\cron\hmil-warranty-test.js", "JavaScript", 0, 134, 0, 0, 0, 0, 0, 0, 15, 149
"c:\Users\sahil\Downloads\kia_cron_jobs\src\cron\kia-rsa-scheduler.js", "JavaScript", 0, 38, 0, 0, 0, 0, 0, 0, 7, 45
"c:\Users\sahil\Downloads\kia_cron_jobs\src\cron\scheduler.js", "JavaScript", 0, 535, 0, 0, 0, 0, 0, 1, 58, 594
"c:\Users\sahil\Downloads\kia_cron_jobs\src\cron\sequential-test.js", "JavaScript", 0, 18, 0, 0, 0, 0, 0, 0, 7, 25
"c:\Users\sahil\Downloads\kia_cron_jobs\src\excel\parse-workbook.js", "JavaScript", 0, 259, 0, 0, 0, 0, 0, 0, 51, 310
"c:\Users\sahil\Downloads\kia_cron_jobs\src\navigation\dealer-change.js", "JavaScript", 0, 532, 0, 0, 0, 0, 0, 0, 87, 619
"c:\Users\sahil\Downloads\kia_cron_jobs\src\navigation\hmil-menu.js", "JavaScript", 0, 385, 0, 0, 0, 0, 0, 0, 66, 451
"c:\Users\sahil\Downloads\kia_cron_jobs\src\navigation\kia-menu.js", "JavaScript", 0, 308, 0, 0, 0, 0, 0, 0, 87, 395
"c:\Users\sahil\Downloads\kia_cron_jobs\src\otp\file.js", "JavaScript", 0, 25, 0, 0, 0, 0, 0, 0, 7, 32
"c:\Users\sahil\Downloads\kia_cron_jobs\src\otp\index.js", "JavaScript", 0, 29, 0, 0, 0, 0, 0, 0, 2, 31
"c:\Users\sahil\Downloads\kia_cron_jobs\src\otp\manual.js", "JavaScript", 0, 21, 0, 0, 0, 0, 0, 0, 6, 27
"c:\Users\sahil\Downloads\kia_cron_jobs\src\otp\ngrok-tunnel.js", "JavaScript", 0, 43, 0, 0, 0, 0, 0, 0, 11, 54
"c:\Users\sahil\Downloads\kia_cron_jobs\src\otp\webhook-client.js", "JavaScript", 0, 76, 0, 0, 0, 0, 0, 0, 14, 90
"c:\Users\sahil\Downloads\kia_cron_jobs\src\otp\webhook-server.js", "JavaScript", 0, 173, 0, 0, 0, 0, 0, 0, 36, 209
"c:\Users\sahil\Downloads\kia_cron_jobs\src\playwright\browser.js", "JavaScript", 0, 143, 0, 0, 0, 0, 0, 1, 28, 172
"c:\Users\sahil\Downloads\kia_cron_jobs\src\playwright\frame-resolver.js", "JavaScript", 0, 32, 0, 0, 0, 0, 0, 0, 8, 40
"c:\Users\sahil\Downloads\kia_cron_jobs\src\playwright\selectors.js", "JavaScript", 0, 50, 0, 0, 0, 0, 0, 0, 1, 51
"c:\Users\sahil\Downloads\kia_cron_jobs\src\reports\adv-wise-lubricants-vas.js", "JavaScript", 0, 225, 0, 0, 0, 0, 0, 2, 40, 267
"c:\Users\sahil\Downloads\kia_cron_jobs\src\reports\am-platinum-operation-wise-export.js", "JavaScript", 0, 279, 0, 0, 0, 0, 0, 1, 31, 311
"c:\Users\sahil\Downloads\kia_cron_jobs\src\reports\demo-car-list.js", "JavaScript", 0, 136, 0, 0, 0, 0, 0, 0, 24, 160
"c:\Users\sahil\Downloads\kia_cron_jobs\src\reports\demo-job-cards.js", "JavaScript", 0, 172, 0, 0, 0, 0, 0, 1, 30, 203
"c:\Users\sahil\Downloads\kia_cron_jobs\src\reports\ew-report.js", "JavaScript", 0, 114, 0, 0, 0, 0, 0, 0, 17, 131
"c:\Users\sahil\Downloads\kia_cron_jobs\src\reports\excel-to-supabase.js", "JavaScript", 0, 33, 0, 0, 0, 0, 0, 0, 5, 38
"c:\Users\sahil\Downloads\kia_cron_jobs\src\reports\grid.js", "JavaScript", 0, 679, 0, 0, 0, 0, 0, 11, 95, 785
"c:\Users\sahil\Downloads\kia_cron_jobs\src\reports\hmil-reports.js", "JavaScript", 0, 322, 0, 0, 0, 0, 0, 0, 16, 338
"c:\Users\sahil\Downloads\kia_cron_jobs\src\reports\hmil-warranty-reports.js", "JavaScript", 0, 591, 0, 0, 0, 0, 0, 0, 71, 662
"c:\Users\sahil\Downloads\kia_cron_jobs\src\reports\hmil-warranty-resume.js", "JavaScript", 0, 37, 0, 0, 0, 0, 0, 0, 6, 43
"c:\Users\sahil\Downloads\kia_cron_jobs\src\reports\hyundai-kia-clone.js", "JavaScript", 0, 526, 0, 0, 0, 0, 0, 0, 69, 595
"c:\Users\sahil\Downloads\kia_cron_jobs\src\reports\hyundai-repair-order-list.js", "JavaScript", 0, 253, 0, 0, 0, 0, 0, 3, 39, 295
"c:\Users\sahil\Downloads\kia_cron_jobs\src\reports\index.js", "JavaScript", 0, 266, 0, 0, 0, 0, 0, 0, 29, 295
"c:\Users\sahil\Downloads\kia_cron_jobs\src\reports\kia-call-center-complaints.js", "JavaScript", 0, 135, 0, 0, 0, 0, 0, 0, 18, 153
"c:\Users\sahil\Downloads\kia_cron_jobs\src\reports\mcp-report.js", "JavaScript", 0, 117, 0, 0, 0, 0, 0, 0, 17, 134
"c:\Users\sahil\Downloads\kia_cron_jobs\src\reports\open-ro-yearly.js", "JavaScript", 0, 170, 0, 0, 0, 0, 0, 0, 26, 196
"c:\Users\sahil\Downloads\kia_cron_jobs\src\reports\operation-wise-analysis-advisor-report.js", "JavaScript", 0, 395, 0, 0, 0, 0, 0, 0, 56, 451
"c:\Users\sahil\Downloads\kia_cron_jobs\src\reports\operation-wise-analysis-report.js", "JavaScript", 0, 414, 0, 0, 0, 0, 0, 2, 67, 483
"c:\Users\sahil\Downloads\kia_cron_jobs\src\reports\paged-export.js", "JavaScript", 0, 474, 0, 0, 0, 0, 0, 0, 72, 546
"c:\Users\sahil\Downloads\kia_cron_jobs\src\reports\psf-yearly.js", "JavaScript", 0, 132, 0, 0, 0, 0, 0, 0, 21, 153
"c:\Users\sahil\Downloads\kia_cron_jobs\src\reports\report-actions.js", "JavaScript", 0, 369, 0, 0, 0, 0, 0, 0, 73, 442
"c:\Users\sahil\Downloads\kia_cron_jobs\src\reports\report-metadata.js", "JavaScript", 0, 49, 0, 0, 0, 0, 0, 0, 9, 58
"c:\Users\sahil\Downloads\kia_cron_jobs\src\reports\ro-billing.js", "JavaScript", 0, 176, 0, 0, 0, 0, 0, 1, 27, 204
"c:\Users\sahil\Downloads\kia_cron_jobs\src\reports\rsa-report.js", "JavaScript", 0, 596, 0, 0, 0, 0, 0, 0, 96, 692
"c:\Users\sahil\Downloads\kia_cron_jobs\src\reports\service-appointment.js", "JavaScript", 0, 387, 0, 0, 0, 0, 0, 0, 55, 442
"c:\Users\sahil\Downloads\kia_cron_jobs\src\supabase\client.js", "JavaScript", 0, 13, 0, 0, 0, 0, 0, 0, 4, 17
"c:\Users\sahil\Downloads\kia_cron_jobs\src\supabase\dedupe-relational-tables.js", "JavaScript", 0, 232, 0, 0, 0, 0, 0, 0, 32, 264
"c:\Users\sahil\Downloads\kia_cron_jobs\src\supabase\materialized-views.js", "JavaScript", 0, 46, 0, 0, 0, 0, 0, 0, 8, 54
"c:\Users\sahil\Downloads\kia_cron_jobs\src\supabase\migrate-json-to-relational.js", "JavaScript", 0, 77, 0, 0, 0, 0, 0, 0, 15, 92
"c:\Users\sahil\Downloads\kia_cron_jobs\src\supabase\postgres.js", "JavaScript", 0, 56, 0, 0, 0, 0, 0, 0, 11, 67
"c:\Users\sahil\Downloads\kia_cron_jobs\src\supabase\relational-store.js", "JavaScript", 0, 704, 0, 0, 0, 0, 0, 0, 83, 787
"c:\Users\sahil\Downloads\kia_cron_jobs\src\supabase\report-store.js", "JavaScript", 0, 254, 0, 0, 0, 0, 0, 0, 39, 293
"c:\Users\sahil\Downloads\kia_cron_jobs\src\supabase\row-identity.js", "JavaScript", 0, 369, 0, 0, 0, 0, 0, 0, 24, 393
"c:\Users\sahil\Downloads\kia_cron_jobs\src\telegram\client.js", "JavaScript", 0, 42, 0, 0, 0, 0, 0, 0, 9, 51
"c:\Users\sahil\Downloads\kia_cron_jobs\src\telegram\inspect-updates.js", "JavaScript", 0, 35, 0, 0, 0, 0, 0, 0, 7, 42
"c:\Users\sahil\Downloads\kia_cron_jobs\src\telegram\otp-provider.js", "JavaScript", 0, 82, 0, 0, 0, 0, 0, 0, 19, 101
"c:\Users\sahil\Downloads\kia_cron_jobs\src\telegram\test-otp.js", "JavaScript", 0, 12, 0, 0, 0, 0, 0, 0, 3, 15
"c:\Users\sahil\Downloads\kia_cron_jobs\src\utils\date-range.js", "JavaScript", 0, 145, 0, 0, 0, 0, 0, 0, 26, 171
"c:\Users\sahil\Downloads\kia_cron_jobs\src\utils\execute-with-retry.js", "JavaScript", 0, 82, 0, 0, 0, 0, 0, 0, 9, 91
"c:\Users\sahil\Downloads\kia_cron_jobs\src\utils\failure.js", "JavaScript", 0, 47, 0, 0, 0, 0, 0, 0, 7, 54
"c:\Users\sahil\Downloads\kia_cron_jobs\src\utils\file-lock.js", "JavaScript", 0, 91, 0, 0, 0, 0, 0, 0, 16, 107
"c:\Users\sahil\Downloads\kia_cron_jobs\src\utils\health.js", "JavaScript", 0, 18, 0, 0, 0, 0, 0, 0, 3, 21
"c:\Users\sahil\Downloads\kia_cron_jobs\src\utils\logger.js", "JavaScript", 0, 61, 0, 0, 0, 0, 0, 0, 10, 71
"c:\Users\sahil\Downloads\kia_cron_jobs\src\utils\network.js", "JavaScript", 0, 82, 0, 0, 0, 0, 0, 0, 14, 96
"c:\Users\sahil\Downloads\kia_cron_jobs\src\utils\notifier.js", "JavaScript", 0, 96, 0, 0, 0, 0, 0, 0, 12, 108
"c:\Users\sahil\Downloads\kia_cron_jobs\src\utils\otp.js", "JavaScript", 0, 29, 0, 0, 0, 0, 0, 0, 8, 37
"c:\Users\sahil\Downloads\kia_cron_jobs\src\utils\retry.js", "JavaScript", 0, 22, 0, 0, 0, 0, 0, 0, 5, 27
"c:\Users\sahil\Downloads\kia_cron_jobs\src\utils\runtime-dirs.js", "JavaScript", 0, 12, 0, 0, 0, 0, 0, 0, 2, 14
"c:\Users\sahil\Downloads\kia_cron_jobs\src\utils\sleep.js", "JavaScript", 0, 3, 0, 0, 0, 0, 0, 0, 1, 4
"c:\Users\sahil\Downloads\kia_cron_jobs\supabase\.temp\linked-project.json", "JSON", 0, 0, 0, 0, 0, 0, 1, 0, 0, 1
"c:\Users\sahil\Downloads\kia_cron_jobs\supabase\functions\enqueue-automation-job\README.md", "Markdown", 12, 0, 0, 0, 0, 0, 0, 0, 5, 17
"c:\Users\sahil\Downloads\kia_cron_jobs\supabase\functions\enqueue-automation-job\index.ts", "TypeScript", 0, 0, 0, 0, 0, 62, 0, 0, 11, 73
"c:\Users\sahil\Downloads\kia_cron_jobs\supabase\migrations\20260618090000_automation_control_plane.sql", "MS SQL", 0, 0, 0, 403, 0, 0, 0, 0, 40, 443
"c:\Users\sahil\Downloads\kia_cron_jobs\supabase\migrations\20260618091000_automation_schedules.sql", "MS SQL", 0, 0, 0, 69, 0, 0, 0, 0, 10, 79
"c:\Users\sahil\Downloads\kia_cron_jobs\supabase\migrations\20260618092000_automation_rsa_schedule.sql", "MS SQL", 0, 0, 0, 63, 0, 0, 0, 4, 8, 75
"c:\Users\sahil\Downloads\kia_cron_jobs\tests\architecture-boundaries.test.js", "JavaScript", 0, 52, 0, 0, 0, 0, 0, 0, 7, 59
"c:\Users\sahil\Downloads\kia_cron_jobs\tests\automation-worker.test.js", "JavaScript", 0, 77, 0, 0, 0, 0, 0, 0, 8, 85
"c:\Users\sahil\Downloads\kia_cron_jobs\tmp-check-jobs.mjs", "JavaScript", 0, 6, 0, 0, 0, 0, 0, 0, 2, 8
"c:\Users\sahil\Downloads\kia_cron_jobs\tmp-check.mjs", "JavaScript", 0, 24, 0, 0, 0, 0, 0, 0, 3, 27
"c:\Users\sahil\Downloads\kia_cron_jobs\tmp-print-config.mjs", "JavaScript", 0, 9, 0, 0, 0, 0, 0, 0, 2, 11
"Total", "-", 801, 15817, 1267, 535, 10, 62, 332, 127, 2749, 21700